{
  "t1": {
    "two_axis": {
      "per_layer": {
        "l1": {
          "hits": 18,
          "n": 24,
          "ci": [
            0.5328871975773307,
            0.902269590525467
          ]
        },
        "l2": {
          "hits": 11,
          "n": 18,
          "ci": [
            0.3574512058930626,
            0.8270141452102482
          ]
        },
        "l3": {
          "hits": 23,
          "n": 24,
          "ci": [
            0.7887983165430269,
            0.9989456475545303
          ]
        }
      },
      "overall": {
        "hits": 52,
        "n": 66,
        "ci": [
          0.6697885403521799,
          0.8788980677448571
        ]
      }
    },
    "axis_a": {
      "per_layer": {
        "l1": {
          "hits": 17,
          "n": 24,
          "ci": [
            0.4890521861421669,
            0.8738479114763087
          ]
        },
        "l2": {
          "hits": 9,
          "n": 18,
          "ci": [
            0.26019058289509706,
            0.7398094171049029
          ]
        },
        "l3": {
          "hits": 23,
          "n": 24,
          "ci": [
            0.7887983165430269,
            0.9989456475545303
          ]
        }
      },
      "overall": {
        "hits": 49,
        "n": 66,
        "ci": [
          0.6199387593265298,
          0.8422336207426879
        ]
      }
    },
    "carrier": {
      "per_layer": {
        "l1": {
          "hits": 17,
          "n": 24,
          "ci": [
            0.4890521861421669,
            0.8738479114763087
          ]
        },
        "l2": {
          "hits": 9,
          "n": 18,
          "ci": [
            0.26019058289509706,
            0.7398094171049029
          ]
        },
        "l3": {
          "hits": 23,
          "n": 24,
          "ci": [
            0.7887983165430269,
            0.9989456475545303
          ]
        }
      },
      "overall": {
        "hits": 49,
        "n": 66,
        "ci": [
          0.6199387593265298,
          0.8422336207426879
        ]
      }
    },
    "verdict": "DESCRIPTIVE ORGANIZATION (does not beat both baselines with non-overlapping intervals)"
  },
  "t2": {
    "two_axis": {
      "per_layer": {
        "l1": {
          "hits": 11,
          "n": 24,
          "ci": [
            0.25553020199474624,
            0.671791924304822
          ]
        },
        "l2": {
          "hits": 2,
          "n": 18,
          "ci": [
            0.013751215664364491,
            0.3471204386086721
          ]
        },
        "l3": {
          "hits": 8,
          "n": 24,
          "ci": [
            0.15630228570913526,
            0.5532196156596481
          ]
        }
      },
      "overall": {
        "hits": 21,
        "n": 66,
        "ci": [
          0.20889836724144156,
          0.4443921707694723
        ]
      }
    },
    "axis_a": {
      "per_layer": {
        "l1": {
          "hits": 10,
          "n": 24,
          "ci": [
            0.22109690534667853,
            0.6335693543436376
          ]
        },
        "l2": {
          "hits": 0,
          "n": 18,
          "ci": [
            0.0,
            0.1853019681378522
          ]
        },
        "l3": {
          "hits": 8,
          "n": 24,
          "ci": [
            0.15630228570913526,
            0.5532196156596481
          ]
        }
      },
      "overall": {
        "hits": 18,
        "n": 66,
        "ci": [
          0.17032661617951927,
          0.39635720424370546
        ]
      }
    },
    "carrier": {
      "per_layer": {
        "l1": {
          "hits": 10,
          "n": 24,
          "ci": [
            0.22109690534667853,
            0.6335693543436376
          ]
        },
        "l2": {
          "hits": 0,
          "n": 18,
          "ci": [
            0.0,
            0.1853019681378522
          ]
        },
        "l3": {
          "hits": 8,
          "n": 24,
          "ci": [
            0.15630228570913526,
            0.5532196156596481
          ]
        }
      },
      "overall": {
        "hits": 18,
        "n": 66,
        "ci": [
          0.17032661617951927,
          0.39635720424370546
        ]
      }
    },
    "verdict": "DESCRIPTIVE ORGANIZATION (does not beat both baselines with non-overlapping intervals)"
  }
}